,cell,treatment,ME1,ME2,ME3,ME4,ME5,ME6,ME7,ME8,ME9,ME10,ME11,ME12,ME13,ME14,ME16,ME17,ME18,ME19,ME20,ME21,ME22,ME23,ME24
1,SK-OV-3,Ctrl,-0.047016803,-0.112722451,0.054838419,-0.044550452,0.036418716,0.010234086,-0.01347319,0.090650836,-0.043963099,0.012160516,0.060156411,-0.033794784,0.04460613,-0.064662719,-0.053816362,-0.026979612,-0.041670364,-0.0171611,0.330226805,-0.070038923,-0.030471115,0.053616561,0.007973248
2,SK-OV-3,Ctrl,-0.044402853,-0.070218452,0.055160286,-0.039788082,0.036498672,-0.0004887,-0.006654972,0.08730149,-0.040329078,0.014004482,0.048874778,-0.036420674,0.045895882,-0.061283278,-0.050382346,-0.020288406,-0.041882082,6.33E-05,0.313392299,-0.042291208,-0.036416069,0.075525569,0.00238633
3,SK-OV-3,Ctrl,-0.04745305,-0.125146384,0.055242906,-0.046864269,0.037137267,0.011333375,-0.015133598,0.093144099,-0.038080049,0.008889055,0.064970057,-0.034621786,0.044730452,-0.066299701,-0.061643471,-0.033707543,-0.047313718,-0.004851643,0.330919034,-0.079470809,-0.062287218,0.060523568,0.015333199
4,TOV-21G,Ctrl,-0.028464217,-0.019654424,0.035947858,-0.018352788,0.027661262,-0.068652221,-0.04317052,0.032232297,-0.023966465,0.099510455,-0.001348136,0.002052998,0.018337864,-0.078249804,-0.014377902,-0.034245887,-0.016419955,-0.021103602,-0.007678932,-0.072413851,-0.023897649,-0.047520567,-0.023562787
5,TOV-21G,Ctrl,-0.03056613,-0.063707012,0.033438488,-0.021459882,0.027965531,-0.066376393,-0.048651272,0.03029758,-0.02031434,0.100872342,0.011401916,5.85E-05,0.01643486,-0.081692847,-0.01930253,-0.040836387,-0.025767443,-0.032912572,-0.002474136,-0.083587193,-0.036667069,-0.032256642,0.010288483
6,TOV-21G,Ctrl,-0.026669198,0.028969225,0.033745098,-0.0111594,0.026935273,-0.078480188,-0.039684021,0.02642429,-0.019902824,0.105544099,-0.009418592,0.00360969,0.018601375,-0.073389277,-0.002119828,-0.033147756,-0.016080425,-0.02381686,-0.011449361,-0.046431264,-0.009701289,-0.037066426,-0.032504055
7,OVISE,Ctrl,-0.040366472,0.024090478,0.02271523,-0.016814005,0.036130523,-0.101963946,0.096379913,-0.057646201,-0.030596235,0.207728679,0.017344918,-0.034250316,0.087484793,-0.03275127,-0.02660859,-0.012870189,-0.022802034,-0.037452147,-0.029498218,0.001563669,0.282684278,-0.035627542,-0.07594588
8,OVISE,Ctrl,-0.041317412,-0.00301601,0.022859841,-0.023730558,0.034503148,-0.09489117,0.095506443,-0.059311008,-0.034192195,0.206056123,0.028013625,-0.036389942,0.088096351,-0.03418353,-0.038395492,-0.019645047,-0.030834651,-0.033068961,-0.016191095,-0.014814858,0.330550956,-0.04253166,-0.113109577
9,OVISE,Ctrl,-0.037754501,0.028887901,0.021659891,-0.017316762,0.033813244,-0.101717662,0.098009952,-0.060623185,-0.027772284,0.207281667,0.014856466,-0.032845634,0.087901132,-0.031894534,-0.026443452,-0.011076285,-0.019334439,-0.028515923,-0.02773819,0.015275752,0.309734697,-0.019977145,-0.11110537
10,TOV-112D,Ctrl,0.035902094,0.038288993,-0.107318896,-0.016448814,0.008600903,0.124491101,-0.095041912,-0.047233884,0.040843609,-0.065926044,0.069772588,0.264583135,-0.129220082,-0.054443656,0.070760267,-0.034142198,-0.028278807,0.084969204,-0.03500552,0.015901802,-0.020927726,-0.067361236,0.041961986
11,TOV-112D,Ctrl,0.03442791,0.021694675,-0.106452608,-0.016078421,0.008688261,0.121188216,-0.094023723,-0.046094551,0.045441905,-0.067868105,0.065841177,0.265958934,-0.131014241,-0.060793072,0.06799759,-0.018872255,-0.027976469,0.065373617,-0.023703615,0.012404845,-0.013233213,-0.065427585,0.091214092
12,TOV-112D,Ctrl,0.033128377,-0.017540955,-0.106051845,-0.022972224,0.008989855,0.12635695,-0.102888427,-0.048021803,0.043184643,-0.070891769,0.077754124,0.277401764,-0.128466127,-0.065932047,0.068134565,-0.034943496,-0.030826909,0.09658742,-0.041691246,0.022278213,-0.029345436,-0.059594919,0.119152745
13,OV56,Ctrl,-0.053815371,-0.109232456,0.048833703,-0.026792704,0.036211677,-0.003507732,-0.056274934,0.121479518,-0.030821634,0.073083526,-0.049542063,-0.031150958,0.029878466,-0.091685839,-0.049474192,-0.03376062,-0.011104514,-0.156509338,0.001773657,-0.212798799,-0.04882312,0.057380473,-0.080935054
14,OV56,Ctrl,-0.05049,-0.082678724,0.049215779,-0.027840082,0.037587707,-0.004835677,-0.052579715,0.123414604,-0.02879794,0.073523221,-0.054535417,-0.035896771,0.030347613,-0.078111629,-0.062756721,-0.032935038,-0.008082744,-0.15480051,0.009606292,-0.207974742,-0.060874384,0.065892373,-0.081488241
15,OV56,Ctrl,-0.052007595,-0.091260375,0.050096402,-0.025698733,0.038296661,-0.008651349,-0.051752885,0.125832855,-0.026918438,0.073255133,-0.059762649,-0.035828463,0.030565436,-0.082029893,-0.059236719,-0.028551572,-0.005534266,-0.134905186,0.008195152,-0.206822361,-0.037276277,0.06331649,-0.091986933
16,COV362,Ctrl,-0.052215649,-0.076075392,0.056425265,-0.038950343,0.024577599,-0.005274511,0.041106857,0.092854267,-0.029091967,-0.04762044,-0.035824223,-0.048401873,0.044926734,0.001753161,-0.063209941,-0.002501867,-0.000222444,-0.11755081,-0.026013894,-0.041774204,-0.071763603,0.047119178,-0.034277864
17,COV362,Ctrl,-0.053663344,-0.132140056,0.056952624,-0.045046,0.02515447,-0.003718776,0.036631409,0.094701081,-0.031246743,-0.047150237,-0.025588513,-0.046969773,0.043139249,-0.010614371,-0.08833359,0.005163581,0.00064901,-0.096278813,-0.028161107,-0.08020927,-0.119670242,0.083815723,-0.038247827
18,COV362,Ctrl,-0.052705013,-0.118158989,0.056526271,-0.040816658,0.025000805,-0.003905956,0.038288849,0.095836166,-0.031992807,-0.048938234,-0.027036619,-0.049315392,0.043250928,-0.011409123,-0.085170028,0.005062323,0.002500793,-0.095687688,-0.023903102,-0.091413561,-0.096913161,0.032566059,-0.019752839
19,COV504,Ctrl,-0.053736543,-0.045438712,0.052450439,-0.010770746,0.034234933,-0.003400738,-0.002368965,0.154054907,-0.01766137,-0.066779933,0.020577686,-0.037776827,0.014966531,-0.003488326,-0.039838025,-0.0014898,-0.014378927,-0.087650053,0.071051356,-0.038097134,-0.043290392,0.108549155,0.1144302
20,COV504,Ctrl,-0.054922569,-0.080417209,0.053418096,-0.019230792,0.033595988,0.003993563,-0.006475069,0.149871685,-0.024181353,-0.059453436,0.021257617,-0.029558682,0.014924137,0.000631874,-0.048403365,0.003984933,-0.013040494,-0.093573938,0.05822984,-0.03544372,-0.011779206,0.116613661,0.143447435
21,COV504,Ctrl,-0.05538577,-0.064169955,0.052638293,-0.012247394,0.035158256,0.005480838,-0.01013801,0.145375926,-0.022609195,-0.062040875,0.01983672,-0.032832173,0.015716812,-0.001111765,-0.048210107,0.010985008,-0.011781341,-0.07000082,0.062627813,-0.042512535,-0.065356551,0.119424981,0.141285711
22,COLO-704,Ctrl,0.207099234,0.064024053,-0.142367445,-0.020148693,-0.224567243,0.137825053,-0.10341722,-0.052325954,-8.75E-05,-0.065754667,0.12813414,0.037299311,-0.141345269,-0.006767851,0.115392504,-0.045561305,-0.031914205,0.015710055,-0.013247403,0.112103718,-0.02429843,-0.065708936,0.094439541
23,COLO-704,Ctrl,0.204637018,0.116289178,-0.145532789,-0.018453226,-0.228223893,0.140982655,-0.098142675,-0.057094063,0.000129976,-0.066304912,0.128138036,0.035277145,-0.138370653,0.004704404,0.11465677,-0.039712894,-0.025773865,0.016185883,-0.021237648,0.076186327,0.004370156,-0.075267889,0.097929393
24,COLO-704,Ctrl,0.214693747,0.064478337,-0.147981849,-0.02255622,-0.22903415,0.139189426,-0.101969955,-0.0530541,0.003833337,-0.067740236,0.137459166,0.040005823,-0.142507771,-0.00407323,0.113496575,-0.041265554,-0.032877677,0.040076946,-0.014038315,0.075401921,-0.014919874,-0.059399341,0.055571479
25,COLO,Ctrl,0.193332884,0.110334727,-0.133935492,-0.011041681,-0.220732936,0.121371944,-0.082069514,-0.056877836,0.003585045,-0.056784638,0.127066046,0.028597472,-0.127887597,-0.013544141,0.108117341,-0.05014294,-0.013790063,0.060499472,-0.021164402,0.106703871,-0.011622245,-0.049255429,0.135308462
26,COLO,Ctrl,0.191078803,0.060943234,-0.132129867,-0.015424468,-0.215324831,0.123021436,-0.080465393,-0.052399458,-0.004037084,-0.056730186,0.129261623,0.024918828,-0.124853944,-0.018615142,0.090642896,-0.047199523,-0.022556107,0.029009623,-0.014058749,0.093659111,-0.035123273,-0.050785383,0.119123869
27,COLO,Ctrl,0.194903853,0.081456939,-0.13215012,-0.018695652,-0.218980067,0.11872635,-0.077855355,-0.056706845,-0.000489956,-0.058182666,0.128963436,0.025585705,-0.127406985,-0.015733439,0.112698874,-0.050780551,-0.014657627,0.064822914,-0.012503766,0.099757694,-0.016563101,-0.076992958,0.106521149
28,A2780,Ctrl,0.060894267,0.054158359,-0.145162652,-0.000994142,0.007538457,0.139089883,-0.102728691,-0.054304766,0.307251518,-0.056150595,0.074198167,0.101188303,-0.136709582,-0.032933261,0.203279143,-0.051653346,-0.026408624,0.086228569,-0.022641197,0.066177409,0.030190999,-0.109040206,0.093132488
29,A2780,Ctrl,0.060601952,0.089211534,-0.143714973,-0.000581728,0.008957713,0.137204308,-0.097991484,-0.05804027,0.297452969,-0.054074545,0.069724221,0.099454354,-0.136617296,-0.029660663,0.188718498,-0.054588115,-0.027942802,0.079381159,-0.009025801,0.082489896,0.023165554,-0.079959946,0.062345884
30,A2780,Ctrl,0.0611555,0.088936163,-0.145010389,-0.002728365,0.006998587,0.136871356,-0.095798582,-0.0573011,0.292674519,-0.054049024,0.065649965,0.099621862,-0.135755244,-0.03048852,0.188325563,-0.058017316,-0.018097872,0.072499074,-0.007215012,0.077691897,0.017229385,-0.091395191,0.096090759
31,COV644,Ctrl,-0.054732059,-0.066676629,0.0672227,0.016423009,0.032738791,-0.100876603,0.132307582,-0.003176445,-0.03743236,-0.012312843,-0.037695959,-0.044814062,0.037410086,-0.040438319,-0.120349001,0.286841443,0.066288944,0.025944684,-0.032735028,-0.020948489,-0.070657645,0.256887443,-0.115344303
32,COV644,Ctrl,-0.056564492,-0.1034343,0.066559761,0.012114455,0.033000971,-0.095298904,0.126925321,-0.005006726,-0.035580903,-0.015783091,-0.032297572,-0.042230012,0.036044098,-0.049914918,-0.126377312,0.291971433,0.061753252,0.051300406,-0.038570085,-0.035199582,-0.052017072,0.258256595,-0.084784079
33,COV644,Ctrl,-0.055186174,-0.082196112,0.066395926,0.010827949,0.032703811,-0.10214938,0.127189188,-0.00306516,-0.030977693,-0.014857118,-0.034404319,-0.03957374,0.035737689,-0.042308381,-0.118539216,0.290399446,0.068188694,0.051208224,-0.03123354,-0.019947768,-0.045263368,0.262040189,-0.091870975
34,EFO-27,Ctrl,-0.018668992,-0.037954282,0.045455963,-0.015918462,0.028164892,0.004563019,0.028391507,0.040137055,-0.021683208,-0.023194177,-0.031466273,-0.024774,0.018132026,-0.038507838,-0.040217202,0.036595493,-0.013187805,-0.020014288,-0.022170191,0.033320357,-0.038849105,-0.005684236,-0.040882377
35,EFO-27,Ctrl,-0.020306402,-0.089238906,0.046917766,-0.017216075,0.027099812,0.002811662,0.024075594,0.042664722,-0.026154014,-0.024371446,-0.020269704,-0.023907562,0.017386831,-0.036674908,-0.051861101,0.040379458,-0.007122358,-0.003057747,-0.008677908,0.015630088,-0.043191499,0.005673555,-0.027828994
36,EFO-27,Ctrl,-0.017930961,0.003798152,0.043389118,-0.00655098,0.028359987,-0.003800785,0.02816255,0.03437926,-0.018442735,-0.018154069,-0.036624801,-0.02425301,0.019369824,-0.028334569,-0.026201656,0.037946796,-0.019045235,-0.003767821,-0.016632689,0.077550673,-0.008482895,0.002929476,-0.021411113
37,OVCAR-3,Ctrl,-0.021124044,-0.080132705,-0.011639568,-0.030551553,4.01E-05,0.00840992,0.086395744,-0.069161187,-0.024669984,-0.03835323,-0.007576156,-0.018154249,0.036272039,0.183665118,-0.024097926,-0.015025148,-0.004256944,-0.011578491,-0.054010713,-0.030188767,-0.042542775,-0.01533667,-0.050423362
38,OVCAR-3,Ctrl,-0.019444856,-0.055208658,-0.011459775,-0.032289459,-0.000628656,0.006990526,0.084341777,-0.073935411,-0.024934055,-0.036612668,-0.009624425,-0.0187735,0.034329547,0.184661558,-0.004773734,-0.016518569,-0.004492078,-0.002917814,-0.047337879,-0.021149091,-0.014549123,0.004580407,-0.062636015
39,OVCAR-3,Ctrl,-0.019669651,-0.061309907,-0.010597311,-0.028447544,0.001394143,0.00547213,0.089346495,-0.07420913,-0.026962444,-0.035472699,-0.015189592,-0.019643887,0.03701271,0.183557217,-0.013907079,-0.019294503,-0.003012192,-0.012304544,-0.043785376,-0.021166623,-0.0229476,0.000623792,-0.04594681
40,OV-90,Ctrl,-0.020574874,0.011772845,-0.009918624,0.324896369,0.004380695,0.020343136,-0.018787579,-0.048316016,-0.018085108,-0.00973188,-0.067235314,-0.018837742,-0.005508807,-0.016916939,0.016527336,-0.002205912,-0.019342763,0.039306357,-0.025467191,0.002967854,0.02588046,-0.027610483,-0.008274012
41,OV-90,Ctrl,-0.022718595,0.034181063,-0.010302674,0.32254917,0.004541075,0.019668501,-0.014403864,-0.044878038,-0.014556291,-0.009565941,-0.070913559,-0.018004145,-0.004109697,-0.022620169,0.00957744,-0.008505739,-0.024109294,0.060047831,-0.028705238,0.033092756,-0.001509195,-0.044260681,-0.015061703
42,OV-90,Ctrl,-0.018725834,0.069883012,-0.012555056,0.324755246,0.00641011,0.019446533,-0.011336624,-0.052211768,-0.016675588,-0.00771889,-0.085252472,-0.013123203,-0.005136469,-0.015535636,0.02951541,-0.000171302,-0.015405547,0.055398253,-0.023102701,0.039641795,0.014717269,-0.009484573,-0.042881705
43,KURAMOCHI,Ctrl,-0.010907014,-0.00721878,0.016394804,-0.01385591,0.023063906,-0.027837543,-0.016711139,-0.03571545,-0.003015832,-0.034388953,-0.072187393,-0.03245137,0.033439743,0.147275741,-0.004788476,-0.053413568,-0.031391159,-0.037394853,-0.043033128,0.034968172,-0.021717711,-0.049398767,-0.088877114
44,KURAMOCHI,Ctrl,-0.012772515,-0.027555537,0.018057799,-0.015539124,0.024785041,-0.032449913,-0.020000256,-0.033757979,-0.003042325,-0.03662426,-0.070904029,-0.032163036,0.035682206,0.147517083,-0.007992548,-0.03942094,-0.029053716,-0.004879626,-0.046379151,0.012361986,-0.018433503,-0.028471057,-0.043588961
45,KURAMOCHI,Ctrl,-0.011168926,-0.0516304,0.017842031,-0.020625761,0.022860512,-0.02594345,-0.021158219,-0.034010042,-0.003282393,-0.032900315,-0.065937553,-0.035685305,0.033665336,0.139642899,-0.026799195,-0.056730115,-0.03045803,-0.002999843,-0.043710507,0.02232905,0.005385442,-0.040973731,-0.052946467
46,OVTOKO,Ctrl,-0.04534469,0.045559109,0.060320235,0.000592292,0.044904124,-0.062953917,-0.038357875,0.058908162,-0.025156782,0.161745098,-0.084021696,-0.029508413,0.05792405,-0.07594994,-0.015626244,-0.025114525,-0.023391602,-0.06601979,-0.022985785,-0.003647901,0.070301665,-0.043336423,-0.007544853
47,OVTOKO,Ctrl,-0.047340068,-0.017112449,0.062811919,-0.00176138,0.045059693,-0.063034563,-0.042111869,0.060094749,-0.029244675,0.162226632,-0.07602791,-0.025970845,0.05656974,-0.082279224,-0.008257775,-0.030761806,-0.01475578,-0.098046907,-0.021176055,-0.012602336,0.036009533,-0.028103255,-0.022995796
48,OVTOKO,Ctrl,-0.042907502,0.060824997,0.061334895,0.000758926,0.046248939,-0.062539559,-0.035066449,0.054127498,-0.030849972,0.163000627,-0.087361574,-0.028649018,0.059730655,-0.062050817,-0.009419708,-0.022988685,-0.019748642,-0.114736608,-0.022370369,0.001467546,0.052950834,-0.033434268,-0.008629289
49,OVCAR-4,Ctrl,-0.027661683,0.039171336,0.032660216,-0.015090338,0.021718934,-0.026991884,0.113199433,-0.0675387,-0.027906702,0.023541986,-0.082529386,-0.044786823,0.079852643,0.110044048,-0.048250014,0.003159052,-0.005960756,0.048860647,-0.030579341,-0.006132843,0.082884911,-0.010292975,-0.098902309
50,OVCAR-4,Ctrl,-0.026263499,0.063326785,0.03284634,-0.013265731,0.021784478,-0.032087688,0.114095487,-0.06842854,-0.026285661,0.025209461,-0.089582906,-0.045833873,0.081766506,0.107750778,-0.04352569,0.010579615,-0.010076609,0.038726048,-0.043029876,-0.014018883,0.067690252,-0.016293442,-0.09452952
51,OVCAR-4,Ctrl,-0.027429298,0.052145651,0.034107486,-0.012610192,0.023259706,-0.035459042,0.11535127,-0.068651327,-0.026396146,0.028094911,-0.091997991,-0.04969571,0.082333163,0.103958046,-0.043668759,0.006780127,-0.018089554,0.030361203,-0.041222209,-0.008743633,0.052829669,-0.00990796,-0.080311332
52,OVSAHO,Ctrl,0.014028233,0.00763111,-0.014944947,-0.022289415,-0.011071511,0.02068177,0.007179418,-0.071958559,-0.017435534,-0.040110753,0.064658748,-0.011360649,0.023825978,0.151447117,0.005968131,-0.047605507,-0.016516769,0.060160845,-0.01647306,0.070452779,-0.002602782,-0.026171897,0.02532381
53,OVSAHO,Ctrl,0.004620157,-0.023846816,-0.01143823,-0.027016124,-0.007883098,0.021581018,0.009549155,-0.074980896,-0.024781329,-0.049004335,0.066075688,-0.017548875,0.026551763,0.14423015,-0.011868397,-0.028007314,-0.017091534,0.049743338,-0.01384167,0.082670748,-0.056744435,0.004605291,0.062645784
54,OVSAHO,Ctrl,0.014248136,-0.017568778,-0.014091094,-0.023273653,-0.011108048,0.023005327,0.009340194,-0.081832551,-0.017356421,-0.043513864,0.069539397,-0.017035677,0.024198071,0.160229629,0.00218779,-0.05875725,-0.020894172,0.060274796,-0.011638265,0.06802766,-0.044060542,-0.033172126,0.098946986
55,EFO-21,Ctrl,-0.043866388,-0.120687059,0.0413004,-0.017931393,0.029068621,-0.013157896,-0.01669688,-0.017593329,-0.035788207,0.039332616,0.003336964,-0.048709562,0.061274078,0.020749928,-0.062183769,-0.015916959,-0.035719183,0.052750902,-0.000275721,-0.100628592,-0.059503074,0.001947903,-0.050404419
56,EFO-21,Ctrl,-0.042713845,-0.074352309,0.041520372,-0.011627356,0.032420241,-0.017264587,-0.012284906,-0.020218647,-0.035256547,0.040504806,-0.003741057,-0.048297526,0.063401153,0.021706433,-0.040118098,-0.018284583,-0.041731153,0.025679359,-0.000552249,-0.057641766,-0.028830099,0.024997132,-0.049701252
57,EFO-21,Ctrl,-0.03986613,-0.094380104,0.040812812,-0.013752221,0.031364714,-0.016475432,-0.009969576,-0.018426962,-0.035542932,0.040401639,-0.0034797,-0.048131799,0.064002886,0.028414095,-0.050644279,-0.016680196,-0.036152994,0.033071555,-0.004778604,-0.058487166,-0.021119312,-0.000740425,-0.064719881
58,COV434,Ctrl,0.052295036,0.142034601,-0.093403915,0.004567561,-0.002754823,0.035057953,-0.077713451,-0.063078496,0.054492917,-0.030293666,0.081664988,0.078354956,-0.091832285,-0.013754468,0.092199447,-0.036830065,-0.012179446,0.137781876,-0.017208653,0.127114106,0.045536627,-0.082631537,0.016004293
59,COV434,Ctrl,0.051953398,0.074416408,-0.092605001,-0.001085944,-0.004525221,0.036621016,-0.077184583,-0.061957516,0.050495362,-0.035875473,0.085752313,0.091408376,-0.092962246,-0.021315828,0.080479551,-0.050779549,-0.024755167,0.187841662,-0.009566981,0.078682762,-0.005813986,-0.047310811,0.129116422
60,COV434,Ctrl,0.053704766,0.081761001,-0.092852803,-0.000657574,-0.001175434,0.036303881,-0.078264942,-0.06402387,0.053913082,-0.034136889,0.084100307,0.080584298,-0.089841995,-0.005373507,0.071695459,-0.050723079,-0.01982044,0.138110799,0.008679351,0.104782341,0.039778609,-0.043421657,0.054767412
61,CaOv3,Ctrl,-0.043834403,-0.061387506,0.035405484,-0.019452804,0.017041281,-0.021931613,0.10893764,-0.005925704,-0.021356018,-0.04920493,-0.107278851,-0.021436196,0.025568075,-0.01239693,-0.026536539,0.093045705,0.308860095,0.037445184,-0.053282302,-0.069792203,-0.032034254,-0.010573946,-0.120981087
62,CaOv3,Ctrl,-0.041890383,-0.104758871,0.038361584,-0.019051558,0.019075556,-0.026056467,0.118448851,-0.010405383,-0.028905289,-0.050356737,-0.111838072,-0.031644095,0.028058085,-0.02376492,-0.045911542,0.089253055,0.338594142,0.041615111,-0.050981427,-0.050167989,-0.035876751,-0.031750313,-0.057478077
63,CaOv3,Ctrl,-0.042061102,-0.152973917,0.036736162,-0.024423701,0.018817424,-0.020088044,0.10930909,-0.009240802,-0.025169088,-0.050998109,-0.100276278,-0.025717046,0.025455789,-0.030389347,-0.056782164,0.084444865,0.344265393,0.057999837,-0.041674213,-0.062195721,-0.036467081,-0.030026402,-0.07971012
64,SK-OV-3,ERI,-0.041863659,-0.062936943,0.059479926,-0.039464009,0.037288305,0.027766839,-0.016080557,0.106628446,-0.041875491,-0.000858516,0.054263005,-0.035557658,0.036716024,-0.073757634,-0.038533544,-0.034067405,-0.039492716,-0.021601295,0.306942041,-0.051052287,-0.044924388,0.042554602,0.02760069
65,SK-OV-3,ERI,-0.041378294,-0.083522118,0.059097749,-0.040292488,0.037413203,0.025109929,-0.014889835,0.107098563,-0.03993504,0.0037043,0.046566353,-0.031747111,0.038781548,-0.067647612,-0.052604598,-0.0228405,-0.039947962,-0.003707751,0.298576519,-0.055612512,-0.040204852,0.045039645,0.065512556
66,SK-OV-3,ERI,-0.042774583,-0.087359718,0.058726439,-0.040405952,0.037208813,0.026291327,-0.016286174,0.103846899,-0.042876892,0.000445721,0.047575049,-0.036825385,0.036478316,-0.062481385,-0.038250666,-0.028654148,-0.046222398,-0.018324398,0.29533694,-0.043063271,-0.017941158,0.044005606,0.020104571
67,TOV-21G,ERI,-0.031420088,-0.020872781,0.050035645,-0.020150495,0.033684982,-0.135692456,-0.041206875,0.046563252,-0.025720294,0.107723141,-0.001447013,0.001177459,0.024827874,-0.071641565,-0.016549361,-0.021768052,-0.022689454,-0.020513951,-0.008574576,-0.075437529,0.031699374,-0.048508349,-0.035135734
68,TOV-21G,ERI,-0.034927176,-0.025456204,0.050950238,-0.019419462,0.03497161,-0.140116066,-0.042289218,0.045709929,-0.023084205,0.108479515,0.000960756,-0.005811539,0.024956136,-0.076560699,-0.018717197,-0.03212997,-0.027344378,-0.047536853,0.001174081,-0.071160724,-0.019094301,-0.040073514,-0.017634281
69,TOV-21G,ERI,-0.033556496,-0.012182666,0.052327618,-0.018988361,0.033955237,-0.148857038,-0.038225922,0.045163172,-0.023012691,0.107088687,-0.01030674,-0.006286692,0.026347801,-0.077029139,-0.018782527,-0.022422178,-0.02115225,-0.041351959,-0.010885297,-0.065665804,-0.006778798,-0.010459889,-0.034676276
70,OVISE,ERI,-0.038576872,0.041816175,0.032682633,-0.018601286,0.036746667,-0.104414824,0.096357767,-0.054298456,-0.031522342,0.181699763,0.018878451,-0.031641475,0.083613411,-0.044380541,-0.019291181,-0.005491,-0.021463582,-0.006339002,-0.022697818,0.027768208,0.223130986,-0.012801376,-0.054511194
71,OVISE,ERI,-0.038382714,0.038968565,0.033321585,-0.01762756,0.036354659,-0.106953822,0.096291411,-0.04998186,-0.028898915,0.182596788,0.018683592,-0.031721329,0.084389743,-0.041654243,-0.035199414,0.004216807,-0.029220727,-0.018636428,-0.008098531,0.047858291,0.253859651,-0.007032027,-0.064346855
72,OVISE,ERI,-0.038464755,-0.025622772,0.034808881,-0.026027909,0.034952928,-0.098375952,0.095941705,-0.047485019,-0.030977512,0.182322328,0.03472231,-0.036501184,0.08357887,-0.041334491,-0.027229758,-0.024326035,-0.028885233,-0.029448666,0.004430541,0.005008444,0.287934006,-0.049392032,-0.094747182
73,TOV-112D,ERI,0.036706563,0.011738459,-0.104281327,-0.017503276,0.006956017,0.115036824,-0.096672005,-0.048496675,0.038661609,-0.066674971,0.07719944,0.275900937,-0.132997126,-0.061092424,0.072072853,-0.03508733,-0.026514757,0.096719354,-0.024171712,0.026743674,-0.03234839,-0.045130125,0.089691143
74,TOV-112D,ERI,0.036917432,0.047004316,-0.105035952,-0.014212882,0.008764647,0.106893411,-0.091607992,-0.044592187,0.038605174,-0.064861459,0.064305166,0.268319487,-0.129757802,-0.050977169,0.05669411,-0.033331628,-0.024708679,0.093653655,-0.035164744,0.051031224,0.002135791,-0.060574655,0.068340424
75,TOV-112D,ERI,0.036788538,0.049865724,-0.106503626,-0.018727561,0.007531162,0.111152188,-0.098419903,-0.052817006,0.041753301,-0.065961287,0.07499131,0.274270628,-0.131873577,-0.054795401,0.059886458,-0.03767146,-0.025307178,0.090018188,-0.031418896,-0.009616398,-0.016412813,-0.069312934,0.095958472
76,OV56,ERI,-0.044831611,-0.005805961,0.073643892,-0.025939538,0.043330621,-0.084353389,-0.013300008,0.167409239,-0.019717277,0.052691888,-0.096133796,-0.051031729,0.032860848,-0.076432225,-0.056234383,-0.010979196,0.004704199,-0.226120926,0.022123288,-0.150945638,-0.040515295,0.059580332,-0.110014036
77,OV56,ERI,-0.053764723,0.002135393,0.065765966,-0.018022567,0.042600493,-0.055345476,-0.037619476,0.161566253,-0.026841707,0.063550724,-0.07790346,-0.038748062,0.031326401,-0.074932814,-0.051752185,-0.014970817,0.003619781,-0.146602643,0.009600026,-0.10756715,-0.013545376,0.074144666,-0.074567242
78,OV56,ERI,-0.054769823,-0.02940952,0.066844604,-0.021403504,0.042198215,-0.049119723,-0.040645651,0.161864396,-0.028527662,0.060204403,-0.076645826,-0.036154919,0.030864256,-0.07824248,-0.057407742,-0.023896595,0.003864691,-0.136303993,0.009266337,-0.139939283,-0.001860567,0.032156826,-0.080849395
79,COV362,ERI,-0.053112745,-0.072799282,0.060360666,-0.033354594,0.027978556,-0.011975418,0.038306649,0.10476388,-0.029491512,-0.045337539,-0.04248734,-0.049109086,0.042898614,-0.010263302,-0.063345753,0.021470156,-0.002597,-0.106383129,-0.02999629,-0.051215932,-0.063039248,0.057856054,-0.011287605
80,COV362,ERI,-0.056008831,-0.104611342,0.062133295,-0.040774149,0.029245857,-0.011156097,0.037204609,0.109150653,-0.029432777,-0.044163046,-0.036628532,-0.049023287,0.042658355,-0.008526482,-0.078755697,0.006975759,0.002289499,-0.106783785,-0.013754628,-0.086773588,-0.099686504,0.071095939,-0.02479897
81,COV362,ERI,-0.054931189,-0.116806322,0.060991166,-0.038501002,0.028302497,-0.006403905,0.037882009,0.110431646,-0.029773696,-0.04668351,-0.037060321,-0.046767065,0.041833676,-0.015982371,-0.080533139,0.007663729,0.001474391,-0.097034576,-0.025382714,-0.066137641,-0.083445908,0.06334944,-0.018768074
82,COV504,ERI,-0.056014962,-0.088954606,0.060400958,-0.017782431,0.035352736,-0.003524816,0.007565553,0.157505863,-0.026761682,-0.06061894,0.027147574,-0.041209493,0.021791818,-0.000935472,-0.041862563,0.002534812,-0.018283937,-0.099470343,0.064422334,-0.019973794,-0.046198182,0.112547235,0.133794364
83,COV504,ERI,-0.055251033,-0.07283846,0.060701298,-0.014583253,0.035283493,-0.007314143,0.01011618,0.155923858,-0.021943495,-0.059901677,0.023949628,-0.042990562,0.02392257,0.001930164,-0.049699672,0.025815105,-0.019358721,-0.081520993,0.072966641,-0.031546103,-0.027534647,0.113874395,0.151843921
84,COV504,ERI,-0.056217097,-0.029859419,0.059761984,-0.008603417,0.032813592,-0.014275959,0.009613013,0.152347193,-0.022894153,-0.057790813,0.021504047,-0.040243614,0.022104283,-0.005587817,-0.036820647,0.009605954,-0.012219465,-0.083046338,0.066646178,-0.03431491,-0.031712019,0.134571561,0.152491025
85,COLO-704,ERI,0.211427306,0.057107749,-0.146234531,-0.023698366,-0.223634087,0.135659175,-0.098853833,-0.053878122,0.001091203,-0.070118279,0.141634912,0.039256572,-0.143413528,-0.000663718,0.120202808,-0.041386284,-0.030383543,0.041035292,-0.007519915,0.088322783,-0.016372866,-0.032578044,0.071333556
86,COLO-704,ERI,0.205634026,0.107741294,-0.143730845,-0.020452922,-0.222773789,0.131721698,-0.095322112,-0.058070098,0.002045148,-0.070076345,0.134130941,0.030995903,-0.139892464,0.009481668,0.115497315,-0.048830601,-0.02624651,0.021092291,-0.001954193,0.098549251,-0.025126098,-0.060174216,0.077518539
87,COLO-704,ERI,0.213859815,0.053016802,-0.145131296,-0.027226733,-0.222677659,0.133812425,-0.099838385,-0.055975259,0.0017344,-0.067582715,0.138274766,0.035295337,-0.140564329,-0.002800282,0.111252294,-0.052817557,-0.027289004,0.01933502,-0.022133694,0.086204849,-0.064387777,-0.044119212,0.082334339
88,COLO,ERI,0.186887306,0.103808331,-0.131605202,-0.014085489,-0.215127909,0.138712665,-0.079482269,-0.060366063,0.000527863,-0.054412183,0.138837675,0.025119507,-0.126956975,-0.020822548,0.113006651,-0.044671987,-0.021186449,0.060598349,-0.012929035,0.119524712,-0.021989866,-0.063286748,0.123369859
89,COLO,ERI,0.188051262,0.057083507,-0.129487126,-0.01831967,-0.211435121,0.142580948,-0.085179601,-0.053772841,-0.003828422,-0.059376787,0.148385875,0.024618044,-0.126154942,-0.016108049,0.092662626,-0.058668998,-0.022113159,0.042103541,0.001588352,0.121246162,-0.054931006,-0.047553865,0.128075979
90,COLO,ERI,0.189272158,0.077072199,-0.130306605,-0.017690215,-0.213861054,0.140667277,-0.083733792,-0.054220354,-0.000271301,-0.058690629,0.136377047,0.023537055,-0.128946865,-0.017899786,0.099244196,-0.060567917,-0.024370712,0.045747131,-0.006786276,0.101104704,-0.011954033,-0.0670159,0.11872151
91,A2780,ERI,0.059116701,0.040085666,-0.135232443,-0.009364482,0.014573217,0.076047608,-0.100775194,-0.057413032,0.310286634,-0.048275139,0.086289311,0.10026463,-0.132170228,-0.039524944,0.197981698,-0.055226521,-0.027055038,0.097614736,0.006105096,0.070452741,-0.017656968,-0.065439196,0.111673073
92,A2780,ERI,0.058439242,0.046175473,-0.135953714,-0.004610878,0.014930714,0.074002562,-0.096769978,-0.05904437,0.304883221,-0.046689972,0.078342096,0.096804105,-0.131268826,-0.035847957,0.177986172,-0.063918088,-0.018509515,0.101295098,-0.006973628,0.078690722,-0.017065443,-0.0841595,0.100684013
93,A2780,ERI,0.058232037,0.058436972,-0.134277042,-0.004945992,0.014770699,0.071184468,-0.098289697,-0.05351904,0.30899484,-0.046121341,0.074975939,0.096343984,-0.129238021,-0.03379693,0.178443842,-0.063031873,-0.022825207,0.072042857,-0.007683008,0.063298815,0.034292741,-0.055771323,0.196515965
94,COV644,ERI,-0.050485163,-0.00112248,0.072622057,0.019091327,0.037554788,-0.125106268,0.142971534,-0.002232034,-0.030023119,-0.011588101,-0.062915821,-0.045230806,0.040817964,-0.038726976,-0.115225958,0.283049529,0.073171533,0.046182551,-0.019751244,-0.010946059,0.003393633,0.213216406,-0.056916228
95,COV644,ERI,-0.05276998,-0.062778736,0.07194217,0.009276613,0.036651532,-0.114892968,0.137298527,0.00239409,-0.036517463,-0.014499066,-0.048909356,-0.047680697,0.039383565,-0.043699321,-0.137836406,0.273549576,0.07457465,0.043809659,-0.031281475,-0.057301782,-0.035885386,0.234167357,-0.068929855
96,COV644,ERI,-0.052269267,-0.023265108,0.072047788,0.013164208,0.037211878,-0.115441646,0.141735368,0.001776185,-0.033835992,-0.015919509,-0.05372882,-0.04759933,0.040425805,-0.038859448,-0.120457603,0.284065493,0.07619448,0.034950742,-0.034346857,-0.064732303,-0.034234602,0.224856335,-0.144092816
97,EFO-27,ERI,-0.018260136,-0.076901118,0.049884331,-0.019664692,0.027547742,0.01618118,0.018767602,0.048610237,-0.026051374,-0.028880028,-0.018422801,-0.020344167,0.013682443,-0.041269802,-0.038552495,0.047918579,-0.017637722,-0.013574318,-0.013861297,-0.017651208,-0.031841562,0.016080682,-0.017435445
98,EFO-27,ERI,-0.018043159,-0.027721393,0.049706766,-0.018760341,0.026963479,0.018459123,0.019038789,0.049956816,-0.023071198,-0.026772414,-0.026487607,-0.028018572,0.014314301,-0.036243315,-0.025880358,0.03971809,-0.019644251,-0.033222031,-0.01472048,0.01095766,-0.018195031,0.000196772,-0.040989122
99,EFO-27,ERI,-0.014380126,0.043117433,0.049919592,-0.00991214,0.028344904,0.0088812,0.029440321,0.041231697,-0.020944727,-0.024837938,-0.046069902,-0.025428366,0.016414118,-0.023200067,-0.023429877,0.057888597,-0.008472051,-0.018809808,-0.00739657,0.030317572,0.007464881,0.005716309,-0.001279307
100,OVCAR-3,ERI,-0.015682732,-0.039507149,-0.010769544,-0.025975493,0.001651806,0.025164715,0.090901999,-0.072792548,-0.024999382,-0.038500179,-0.017306119,-0.022612678,0.033746383,0.168747315,-0.000985333,-0.005087351,-0.006715474,0.013014373,-0.045747111,0.012501384,0.01165365,-0.02025845,-0.023803818
101,OVCAR-3,ERI,-0.016239812,-0.033701414,-0.011430171,-0.027851493,0.00036027,0.029792975,0.088576735,-0.078329351,-0.025589681,-0.042846552,-0.010317415,-0.021726666,0.035038404,0.177586557,-0.002780397,-0.022856962,-0.008693641,-0.006248162,-0.038754389,0.035287124,-0.022203525,0.005969713,-0.03662589
102,OVCAR-3,ERI,-0.011966517,-0.002116343,-0.011256806,-0.023219498,0.001150867,0.023914467,0.097141648,-0.079581255,-0.020765434,-0.036048844,-0.027838116,-0.02379046,0.036977028,0.183974263,-0.008929895,-0.008384847,-0.014089025,-0.01729573,-0.056205578,0.049021299,0.000305849,-0.006066012,-0.038750221
103,OV-90,ERI,-0.018059413,0.111320597,-0.004472426,0.314432563,0.008018543,-4.61E-05,-0.010335012,-0.041612538,-0.01282308,-0.004361639,-0.079670788,-0.016461423,-0.002562224,-0.007446578,0.026859332,0.011858875,-0.013912842,0.03244604,-0.00586166,0.010719328,0.010527352,-0.024983124,-0.012960605
104,OV-90,ERI,-0.020166762,0.130798556,-0.003522787,0.30993915,0.01012962,-0.00394318,-0.003390122,-0.049778042,-0.011043248,-0.003002505,-0.090979104,-0.019986334,6.39E-05,-0.002775138,0.030903247,0.020327208,-0.017171052,0.032156494,-0.006064837,0.048223557,0.003153484,-0.037796543,-0.028163976
105,OV-90,ERI,-0.019899562,0.048912895,-0.003605952,0.319096735,0.00948909,-0.00155555,-0.009081905,-0.046998374,-0.013220042,-0.005905715,-0.072793332,-0.017425416,-0.002617852,-0.024240353,0.024432574,0.003607638,-0.015939984,0.026181177,0.000965418,0.00136849,-0.00353005,0.021350162,-0.025981714
106,KURAMOCHI,ERI,-0.019523726,0.001234505,0.041464515,-0.017967609,0.034666352,-0.066803829,-0.005852954,-0.016456055,-0.010158641,-0.034241638,-0.085079631,-0.040364234,0.041588277,0.110325444,-0.028609158,-0.037308284,-0.027520004,-0.061305537,-0.031568478,-0.006487843,-0.02193441,-0.047822976,-0.056681581
107,KURAMOCHI,ERI,-0.020308472,-0.02013807,0.042059706,-0.018624374,0.035864143,-0.063007733,-0.010153891,-0.007022779,-0.010377224,-0.030012808,-0.08061295,-0.045264568,0.041604996,0.11925511,-0.025978809,-0.047318118,-0.030134289,-0.043528983,-0.02072631,-0.031912894,-0.043711028,-0.035690251,-0.072484284
108,KURAMOCHI,ERI,-0.016223093,0.076125764,0.036957589,-0.000282432,0.03273202,-0.067047976,-0.00827214,-0.016318023,0.001969818,-0.024967992,-0.101659626,-0.035101728,0.04170072,0.114146059,-0.003342661,-0.020358095,-0.031883534,-0.040236653,-0.049791319,0.01820065,0.020668763,-0.026612281,-0.063146055
109,OVTOKO,ERI,-0.045514087,0.103254137,0.065245935,0.001933789,0.047447083,-0.091464769,-0.036871289,0.060731676,-0.027805738,0.160166464,-0.093948416,-0.025945385,0.058986112,-0.056711079,-0.009455845,-0.027200495,-0.012818667,-0.108712072,-0.019264509,0.015304632,0.09806668,-0.011452583,-0.024908779
110,OVTOKO,ERI,-0.044834705,0.06963533,0.064932262,-0.001315768,0.047546791,-0.089342987,-0.036477726,0.061187243,-0.021199488,0.155473771,-0.090793416,-0.027661112,0.057883627,-0.060834155,-0.00518227,-0.027989956,-0.02199198,-0.139211639,-0.01796616,-0.003817419,0.076252653,-0.027995306,-0.013933891
111,OVTOKO,ERI,-0.043242016,0.053665836,0.064540167,0.000906238,0.046313983,-0.083489442,-0.036696122,0.060815772,-0.028516056,0.160176741,-0.086537828,-0.023886834,0.057079538,-0.06550321,-0.002365699,-0.025770943,-0.018185673,-0.098844621,-0.017810381,0.006764469,0.097689711,-0.061016503,-0.008356749
112,OVCAR-4,ERI,-0.030104084,0.03554446,0.041732049,-0.016958127,0.026642264,-0.037835501,0.113063376,-0.059508022,-0.027832816,0.022928659,-0.089335956,-0.047080063,0.079013054,0.086690411,-0.050257158,0.010522647,-0.01215163,0.019244321,-0.035643463,-0.022379022,0.030975431,-0.014076677,-0.107951433
113,OVCAR-4,ERI,-0.030000156,0.038471106,0.041889163,-0.017598343,0.026352796,-0.035038988,0.105718657,-0.058488186,-0.028972204,0.027345957,-0.087822526,-0.046534679,0.078809399,0.080672416,-0.030102256,0.002712993,-0.005850605,0.039608799,-0.038710203,-0.02336298,0.071820855,-0.01752158,-0.059870797
114,OVCAR-4,ERI,-0.032455019,0.009506512,0.043070866,-0.019361104,0.026509265,-0.038474235,0.107270963,-0.059069928,-0.030355414,0.024114243,-0.080362675,-0.047998677,0.07887946,0.088283522,-0.032901425,0.003573977,-0.015894071,0.019694857,-0.03650661,-0.017829664,0.048054533,0.002096818,-0.079431588
115,OVSAHO,ERI,0.003308726,0.11522671,0.006897191,-0.012444036,0.00076392,-0.007280499,0.016541415,-0.06527324,-0.01633177,-0.03007504,0.040160908,-0.021447848,0.040441292,0.13521873,-0.009737658,-0.038532543,-0.015121365,0.035977089,-0.022491467,0.110111589,0.01139435,0.015338415,0.046751479
116,OVSAHO,ERI,0.004033024,0.09291552,0.008390761,-0.020544466,0.000246029,-0.011101707,0.017834371,-0.063317333,-0.019099111,-0.028674451,0.044344756,-0.026562108,0.039288957,0.134911565,-0.013920691,-0.043702438,-0.009645234,0.010156693,-0.028184516,0.073171736,0.003584091,0.009736221,0.000520032
117,OVSAHO,ERI,0.00281541,0.057407092,0.006109815,-0.018328249,0.001664087,0.003348049,0.012911184,-0.064111957,-0.01850777,-0.03291865,0.047316218,-0.023775958,0.040025377,0.13196399,-0.000345318,-0.044398529,-0.021454465,0.016530484,-0.026554353,0.089653923,0.036825644,0.022087278,0.028221734
118,EFO-21,ERI,-0.036572386,-0.008482046,0.045487442,-0.010959565,0.033546436,-0.006773038,-0.005731333,-0.020452932,-0.032518626,0.030981281,-0.029077817,-0.05645315,0.060889297,0.022981289,-0.037873503,-0.002331621,-0.028954266,0.018614566,0.002479747,-0.07782282,0.012491522,0.00225297,-0.052416523
119,EFO-21,ERI,-0.038663027,-0.033544262,0.046116418,-0.010838742,0.034479208,-0.005828973,-0.007665345,-0.012376197,-0.032728926,0.032722243,-0.025511474,-0.055119802,0.060934637,0.023878129,-0.041774493,-0.01837727,-0.03194315,0.0306922,-0.000575623,-0.071473599,0.000869685,0.000434276,-0.023730747
120,EFO-21,ERI,-0.038698084,-0.063463806,0.043598861,-0.01409686,0.03305561,0.002931073,-0.013186621,-0.013418086,-0.036131936,0.029142419,-0.014768005,-0.054378261,0.059082948,0.016374458,-0.034060644,-0.020770111,-0.038002171,0.026336424,-0.002842389,-0.056693089,-0.013785911,-0.021557821,-0.032877772
121,COV434,ERI,0.05827001,0.230866546,-0.087916099,0.010312568,0.001039218,-0.011457778,-0.051712687,-0.054856499,0.068494835,-0.043293356,0.043343667,0.068764544,-0.09090048,0.003713889,0.0849254,-0.018685677,-0.014887003,0.11660769,0.003281631,0.182758132,0.048897593,-0.073758263,0.053385493
122,COV434,ERI,0.04655386,0.167545834,-0.089715043,0.002038048,-0.001071473,0.029106738,-0.073643784,-0.059882958,0.053149574,-0.032825939,0.075996134,0.078500037,-0.091271305,-0.006746092,0.085585198,-0.014903016,-0.020481127,0.139196747,-0.001593368,0.11112872,0.043103205,-0.058694139,0.027299128
123,COV434,ERI,0.048062626,0.144907563,-0.089328722,0.00145162,0.001662535,0.026197284,-0.073535646,-0.064229312,0.056499836,-0.033889212,0.074663252,0.073333775,-0.092518538,-0.006937184,0.085501933,-0.031011749,-0.010436468,0.125070776,-0.004580054,0.124190882,0.020831926,-0.053625644,0.031984494
124,CaOv3,ERI,-0.0406521,-0.050210682,0.039787804,-0.015798445,0.018859505,-0.023696624,0.11911844,-0.015697224,-0.020741816,-0.050539642,-0.117383175,-0.029619315,0.027843038,-0.025851732,-0.036161948,0.10393779,0.30411811,0.038814361,-0.059023964,-0.029152283,-0.019789996,-0.025554885,-0.048824658
125,CaOv3,ERI,-0.041332484,-0.031315996,0.039171539,-0.01136391,0.019479015,-0.021375453,0.117902717,-0.017900605,-0.01999739,-0.04886866,-0.117905669,-0.029151199,0.027703976,-0.017057533,-0.031381028,0.094866175,0.292916302,0.030474827,-0.058636663,-0.025571674,-0.003014873,-0.036996463,-0.030129396
126,CaOv3,ERI,-0.040851494,-0.073266914,0.039138098,-0.01417408,0.019895795,-0.016649735,0.117666164,-0.014365678,-0.020736314,-0.05279944,-0.111861489,-0.030240961,0.028032688,-0.0202721,-0.034748479,0.09710568,0.30790224,0.032509123,-0.055598007,-0.021168988,-0.032770819,-0.042052208,-0.014578514
127,SK-OV-3,PTX,-0.042641794,-0.075568518,0.058300995,-0.03894075,0.037900676,0.026167227,-0.013139604,0.105481995,-0.041767689,0.000491607,0.046480126,-0.035428448,0.035494931,-0.068290338,-0.040043754,-0.012736095,-0.047225088,-0.008123887,0.298096536,-0.054572602,-0.038753747,0.047808735,0.00710104
128,SK-OV-3,PTX,-0.038350053,-0.0511226,0.057169417,-0.039045674,0.03659535,0.02717321,-0.011762735,0.100619206,-0.037939277,0.003203193,0.042978987,-0.036141016,0.036850025,-0.059684844,-0.039212541,-0.029156537,-0.037167096,0.008900636,0.283869791,-0.021608709,-0.030740495,0.031199554,0.024875525
129,SK-OV-3,PTX,-0.042609429,-0.059336642,0.057195463,-0.037829351,0.038303915,0.025714037,-0.014031916,0.106830796,-0.038711136,0.001426079,0.047112045,-0.033377557,0.036867472,-0.053837871,-0.045637733,-0.025661914,-0.039297222,-0.005574806,0.293419905,-0.043644383,-0.024732564,0.066346575,0.028876198
130,TOV-21G,PTX,-0.034682883,-0.061659442,0.048435369,-0.023737819,0.032625481,-0.140359696,-0.043590452,0.043161961,-0.024852278,0.110168868,0.009250375,-0.003290659,0.024389818,-0.076816428,-0.030551832,-0.036249757,-0.017725421,-0.045137874,0.003375192,-0.082298987,-0.023505783,-0.033127288,0.004018434
131,TOV-21G,PTX,-0.034067332,-0.040029546,0.048181005,-0.018294962,0.034025046,-0.145192209,-0.037623492,0.03865674,-0.023307462,0.10968428,-0.000291687,-0.000388176,0.028784802,-0.071307184,-0.018548788,-0.035767934,-0.020208069,-0.036669861,-0.016823601,-0.073487682,-0.030216411,-0.036797345,-0.030687405
132,TOV-21G,PTX,-0.032953429,-0.016840656,0.048169245,-0.013896308,0.033394292,-0.14372599,-0.038717044,0.044569071,-0.023125382,0.109863322,-0.007576679,-0.002283916,0.026590203,-0.07461035,-0.013813922,-0.025094221,-0.026092836,-0.047717217,0.003949049,-0.077585308,-0.001294149,-0.030521725,0.015036107
133,OVISE,PTX,-0.03813165,0.003557015,0.023593865,-0.013851437,0.033762192,-0.078946336,0.090988371,-0.059937493,-0.030772794,0.190285381,0.026415627,-0.030942092,0.082190937,-0.046477501,-0.022529047,-0.01415913,-0.026025478,-0.028640026,-0.009244075,0.013770719,0.246939646,-0.031906869,-0.074218561
134,OVISE,PTX,-0.037352474,0.051540028,0.023644692,-0.014298743,0.033882696,-0.089505016,0.094956126,-0.057862799,-0.029026836,0.193549981,0.018204393,-0.035388637,0.084160871,-0.041554827,-0.020708145,-0.00880005,-0.02591107,-0.020930007,-0.018368019,0.036484023,0.262831585,-0.039454249,-0.054323708
135,OVISE,PTX,-0.040124683,-0.002705385,0.023936678,-0.020939935,0.034352794,-0.076468736,0.09000784,-0.05759581,-0.027670917,0.194859509,0.030990561,-0.030118811,0.083400996,-0.034777496,-0.026716348,-0.015532309,-0.027915615,-0.04215876,-0.004047191,0.032834844,0.236714669,-0.046752345,-0.089212126
136,TOV-112D,PTX,0.038231124,0.049827886,-0.105186629,-0.016554613,0.007217635,0.108989102,-0.097072403,-0.050737154,0.039883675,-0.065458505,0.071268278,0.274423197,-0.131039968,-0.06304362,0.060891474,-0.029833773,-0.03750551,0.065514141,-0.035083851,0.031842799,-0.042107956,-0.076446173,0.057090528
137,TOV-112D,PTX,0.039181483,0.037902103,-0.105584669,-0.016715192,0.007525618,0.1071955,-0.093627945,-0.048803526,0.042616188,-0.066164896,0.074015325,0.274514409,-0.129472173,-0.05192593,0.063111343,-0.037382963,-0.024617705,0.083711429,-0.040497034,0.006407626,-0.014917508,-0.039305231,0.069352137
138,TOV-112D,PTX,0.040339168,0.062741464,-0.10560881,-0.017957364,0.007392884,0.108411092,-0.095425239,-0.053377691,0.040825729,-0.063748031,0.070514932,0.265919802,-0.13090402,-0.050421226,0.070814796,-0.029852464,-0.020182172,0.099502682,-0.030291267,0.026461034,-0.011795519,-0.052632393,0.076763008
139,OV56,PTX,-0.05541713,-0.118114059,0.062077594,-0.028014737,0.039839075,-0.040014375,-0.045936108,0.167414441,-0.028922186,0.063449746,-0.056841418,-0.03262623,0.032617082,-0.08795629,-0.072759937,-0.02299227,0.011715527,-0.170052168,0.017085854,-0.222266547,-0.077435073,0.102822492,-0.100543541
140,OV56,PTX,-0.056290425,-0.099298687,0.059743707,-0.025359092,0.039195835,-0.039257715,-0.0484416,0.15791757,-0.028380105,0.062111762,-0.054603715,-0.034269983,0.031241417,-0.093760194,-0.063416439,-0.026627599,0.001364538,-0.162244927,0.002695866,-0.192564072,-0.067061304,0.061337361,-0.077735615
141,OV56,PTX,-0.056999676,-0.111280614,0.060511286,-0.024623679,0.039985216,-0.04133818,-0.04748589,0.15989478,-0.030759701,0.065586501,-0.055480803,-0.033269615,0.032004712,-0.08975515,-0.055033967,-0.025839734,-0.006198976,-0.175822128,0.001731332,-0.197995533,-0.022692985,0.066872416,-0.071127281
142,COV362,PTX,-0.05220873,-0.116457613,0.060889034,-0.039698003,0.026933374,-0.0061989,0.035585343,0.102604161,-0.027247213,-0.047630018,-0.031218998,-0.047793925,0.043091444,-0.018472772,-0.08707647,0.00572555,0.006619675,-0.100571884,-0.024609627,-0.052282211,-0.098027915,0.082796665,-0.019066003
143,COV362,PTX,-0.053845246,-0.082998328,0.061007097,-0.038509525,0.027968752,-0.009977479,0.038544938,0.106204225,-0.03250533,-0.043365305,-0.038264815,-0.047382855,0.04118749,-0.010769938,-0.085859993,0.002867955,-0.001321876,-0.127137252,-0.018611686,-0.06858831,-0.072645468,0.061235295,-0.012793159
144,COV362,PTX,-0.051850329,-0.037597835,0.058564658,-0.034927087,0.027841099,-0.009785058,0.038647939,0.095055998,-0.028548313,-0.044254403,-0.041271027,-0.046703717,0.042207443,-0.005221918,-0.076493083,0.00905928,-0.002934568,-0.112534094,-0.021929637,-0.054711305,-0.043578313,0.066244677,-0.034096213
145,COV504,PTX,-0.055990997,-0.001422741,0.062509349,-0.007276442,0.035328455,-0.022270253,0.015340765,0.147587418,-0.023245824,-0.054193712,0.001072783,-0.040021261,0.025738523,0.002782025,-0.037808911,0.024783032,-0.006225639,-0.119303634,0.063888338,0.021964717,-0.011315597,0.10447377,0.090924467
146,COV504,PTX,-0.058058239,-0.051693481,0.063042353,-0.013309763,0.034817019,-0.022073201,0.01352638,0.157570395,-0.028046616,-0.058278669,0.006694182,-0.045186439,0.024143255,-0.005072318,-0.037464592,0.021000491,-0.016144568,-0.083403535,0.064151379,-0.024124372,-0.049778984,0.106532435,0.083398164
147,COV504,PTX,-0.059286895,-0.083136229,0.064200473,-0.014477226,0.036852603,-0.014506238,0.012968479,0.166186326,-0.027734402,-0.055216022,0.018573,-0.04294614,0.025766368,-0.000377221,-0.04684469,0.022665682,-0.02181556,-0.107651215,0.072530228,-0.030754907,-0.057961072,0.121208306,0.109676193
148,COLO-704,PTX,0.207273676,0.126934945,-0.146704811,-0.016654092,-0.226679416,0.131853498,-0.093290033,-0.056632736,0.001290259,-0.061475064,0.122633841,0.034493182,-0.139428754,0.007658617,0.119836967,-0.030261164,-0.018922794,0.035425779,-0.022097317,0.120997036,-0.024486957,-0.06664915,0.07435562
149,COLO-704,PTX,0.212431917,0.00433501,-0.142861118,-0.028181583,-0.220332779,0.138043278,-0.109038954,-0.058837183,0.000823908,-0.073083886,0.14915554,0.04459447,-0.139625759,-0.015535805,0.126398707,-0.052857989,-0.029031423,0.032945526,-0.013309827,0.072204842,-0.061472843,-0.070957632,0.084862677
150,COLO-704,PTX,0.212607126,0.041827644,-0.146391392,-0.025368654,-0.223079841,0.136204683,-0.108611576,-0.052760938,-0.002099934,-0.070932499,0.144978872,0.036358885,-0.139270805,-0.004415234,0.119796559,-0.03935957,-0.044093688,0.033459024,-0.010887318,0.103238995,-0.060860996,-0.039901936,0.062187767
151,COLO,PTX,0.188733201,0.054749419,-0.129752793,-0.015228009,-0.212726507,0.135659941,-0.083308334,-0.053507354,-0.004176052,-0.055094636,0.137912248,0.02409004,-0.125639198,-0.016070747,0.10138569,-0.057476142,-0.023383626,0.040917052,-0.012056509,0.099270675,-0.060357338,-0.056405851,0.074370107
152,COLO,PTX,0.188646062,0.040237201,-0.130663617,-0.020395889,-0.210682643,0.137221223,-0.085746945,-0.055854378,-0.001118606,-0.059024277,0.144423201,0.026639621,-0.12685838,-0.025184928,0.099748852,-0.06190419,-0.011970593,0.034453712,-0.003396555,0.101275775,-0.068317846,-0.073561439,0.155257753
153,COLO,PTX,0.187892719,0.093156848,-0.132030888,-0.013187463,-0.214577449,0.138694758,-0.080757329,-0.06154656,-6.35E-07,-0.057063178,0.137786093,0.024481719,-0.126397188,-0.014130552,0.117136598,-0.049937733,-0.021340484,0.043839394,-0.01227013,0.128685021,-0.039969789,-0.051198904,0.123898933
154,A2780,PTX,0.059776396,0.001613911,-0.135066277,-0.007755185,0.013636767,0.065542189,-0.098972031,-0.062639492,0.319247486,-0.047887681,0.080153843,0.103329677,-0.13103333,-0.036746396,0.19004749,-0.065924035,-0.024689672,0.110688596,0.007189989,0.025839246,-0.006324292,-0.080546575,0.13684701
155,A2780,PTX,0.056508721,0.044912666,-0.134064386,0.003503317,0.014553874,0.061756641,-0.100325384,-0.061602016,0.31041725,-0.043287236,0.065810361,0.100858273,-0.131896079,-0.033982436,0.193234185,-0.058967134,-0.023447909,0.072535885,0.009667892,0.103357217,0.033736423,-0.078222552,0.111297919
156,A2780,PTX,0.055182159,-0.013399807,-0.136361444,0.002668089,0.016126059,0.062052481,-0.101573172,-0.056050504,0.317890834,-0.043457366,0.080284495,0.10312971,-0.12966359,-0.04115336,0.187336411,-0.048003065,-0.030756822,0.087474333,-0.004569055,0.045644261,-0.005378541,-0.092310491,0.104694422
157,COV644,PTX,-0.054121197,-0.074069799,0.069891164,0.009027956,0.032772909,-0.106574981,0.135183795,0.000124991,-0.035550548,-0.017564007,-0.041988288,-0.045656026,0.036843978,-0.04643923,-0.141531449,0.291168552,0.071180266,0.03177548,-0.027389778,-0.032359599,-0.076204529,0.231891929,-0.093523767
158,COV644,PTX,-0.050139561,-0.012609824,0.06794298,0.013832858,0.032830364,-0.105391137,0.133183778,-0.001343321,-0.030316495,-0.016495572,-0.051340052,-0.043831546,0.037991628,-0.038579601,-0.12161001,0.283164902,0.068524289,0.049399814,-0.035105338,-0.032974752,-0.054027143,0.204693309,-0.092458293
159,COV644,PTX,-0.0522025,-0.026810661,0.069075346,0.014671582,0.034852186,-0.111397135,0.138468202,0.000433227,-0.036054066,-0.017741213,-0.057812468,-0.046780658,0.039128263,-0.037181884,-0.122807476,0.283084527,0.069332009,0.036659187,-0.030798338,-0.032563657,-0.036963639,0.236003115,-0.063819529
160,EFO-27,PTX,-0.018683016,-0.104658901,0.053472307,-0.02325209,0.028124398,0.004904933,0.020561382,0.054993631,-0.027044182,-0.026651666,-0.018193323,-0.025150539,0.014376621,-0.045481531,-0.045625887,0.041215626,-0.013666213,-0.018677479,-0.017330966,-0.030027448,-0.014769165,0.006546258,-0.006458648
161,EFO-27,PTX,-0.019225077,-0.056210536,0.052808304,-0.019509961,0.028908689,0.006642525,0.023248582,0.050171105,-0.026061127,-0.028358974,-0.016831222,-0.025571252,0.015048332,-0.036466184,-0.030633145,0.044261674,-0.016305343,-0.020095825,-0.009204989,0.016021402,-0.025309392,-0.004762445,-0.048338732
162,EFO-27,PTX,-0.017407624,-0.062617561,0.051942179,-0.02058926,0.028281223,0.007794422,0.022075822,0.04868919,-0.026054923,-0.029712634,-0.020624311,-0.024297468,0.015777877,-0.038903532,-0.041039432,0.040338531,-0.019276819,-0.020831434,-0.01364972,0.001186357,-0.040341894,-0.004036619,-0.038750242
163,OVCAR-3,PTX,-0.01765825,-0.072243895,-0.011111883,-0.032878775,-0.000211499,0.031402502,0.081464163,-0.07177462,-0.02789943,-0.041382562,0.000512296,-0.021164154,0.032747103,0.172609526,0.000749835,-0.031957798,-0.016029575,-0.014535025,-0.042124168,-0.0232908,-0.030956089,-0.03139852,-0.04605697
164,OVCAR-3,PTX,-0.018592579,-0.114757114,-0.01095815,-0.036748579,-0.000319664,0.034368448,0.079243094,-0.068401048,-0.029579321,-0.042656992,0.002523547,-0.016524314,0.033018244,0.177163146,-0.004277328,-0.0323558,-0.005611864,0.000331384,-0.039876809,-0.0190282,-0.052068224,-0.010299075,-0.069968695
165,OVCAR-3,PTX,-0.016195252,-0.006749812,-0.01268741,-0.02685072,-0.001292635,0.027280836,0.088244363,-0.077905906,-0.018665449,-0.038969331,-0.017804914,-0.020134954,0.033131139,0.179677673,0.016710281,-0.009859424,-0.005353749,-0.005071116,-0.039763305,0.012720867,-0.007434732,0.003353005,-0.032703427
166,OV-90,PTX,-0.017706542,0.075607942,-0.007065072,0.321228937,0.006847341,0.003491084,-0.009336716,-0.044999277,-0.011515117,-0.007630365,-0.073829158,-0.017919252,-0.003451421,-0.009919343,0.024306274,0.000798816,-0.018896,0.045929868,-0.02165754,-0.001401994,-0.013624295,-0.016777398,-0.020557135
167,OV-90,PTX,-0.021932601,0.049966065,-0.00640087,0.320264236,0.008013416,0.006107668,-0.012600903,-0.048080516,-0.015343519,-0.008814694,-0.073095182,-0.01701518,-0.004339034,-0.020309032,0.029045967,0.007084289,-0.027137493,0.049348417,-0.002603199,0.003416385,-0.010702657,0.003083022,-0.036786625
168,OV-90,PTX,-0.019684792,0.05993321,-0.00679435,0.323790174,0.006851594,0.00502337,-0.011018022,-0.042981226,-0.015402747,-0.007360151,-0.068836017,-0.015369521,-0.005252306,-0.013783998,0.03123259,0.003797497,-0.02439182,0.034239199,-0.00298732,0.000634593,-0.020453769,-0.025326635,-0.041338977
169,KURAMOCHI,PTX,-0.018007432,-0.070458323,0.024209868,-0.01681701,0.027909006,-0.02267821,-0.019951039,-0.030709336,-0.00862674,-0.037023248,-0.062828077,-0.035904726,0.035645299,0.126605246,-0.031949189,-0.057012179,-0.032040651,-0.029096211,-0.034372697,-0.02552209,-0.055608362,-0.01248637,-0.045726898
170,KURAMOCHI,PTX,-0.016363517,-0.04217621,0.024644046,-0.020397924,0.026716978,-0.018372342,-0.018776493,-0.027431547,-0.004118016,-0.037402007,-0.066749287,-0.037905319,0.03368018,0.131018727,-0.015496108,-0.051441804,-0.034895334,-0.010943734,-0.037420183,-0.03028211,-0.031262246,-0.029177772,-0.065037196
171,KURAMOCHI,PTX,-0.014424827,-0.001481204,0.024434359,-0.017003368,0.027664674,-0.025449708,-0.020625735,-0.02666894,-0.004040235,-0.035366754,-0.073535924,-0.038310519,0.035262252,0.134462068,-0.027900841,-0.047390046,-0.033220416,-0.022950298,-0.038816555,0.003768911,0.002847221,-0.04031127,-0.049182494
172,OVTOKO,PTX,-0.046272842,0.045864573,0.06539735,0.006070973,0.048484467,-0.100297633,-0.039536777,0.057890561,-0.025735448,0.166306391,-0.087113977,-0.022583838,0.060743419,-0.061211706,-0.015195004,-0.018394615,-0.010402494,-0.129090659,-0.005989421,0.03702189,0.082725692,-0.022741354,0.044450424
173,OVTOKO,PTX,-0.044088475,0.142565513,0.065954379,0.007145718,0.048099282,-0.101979665,-0.03101817,0.05283536,-0.021306707,0.169074548,-0.096768578,-0.027581158,0.062574995,-0.054062239,-0.011928873,-0.008352521,-0.003055923,-0.110776892,-0.015494093,0.009392033,0.116110399,-0.001041516,0.005232319
174,OVTOKO,PTX,-0.043003019,0.082450337,0.065948712,0.00040188,0.047591328,-0.09861171,-0.034632979,0.058478793,-0.024901582,0.16356107,-0.091850162,-0.030148133,0.061393226,-0.062100784,-0.010488403,-0.019040234,-0.013992204,-0.143713559,-0.004590641,0.006690719,0.099607488,-0.01833268,0.004771831
175,OVCAR-4,PTX,-0.031069588,0.030455004,0.045164663,-0.017598238,0.026074638,-0.048432474,0.114379583,-0.0574373,-0.029982211,0.021741604,-0.089601696,-0.05232707,0.079195221,0.077310922,-0.0419829,0.00501869,-0.016855238,0.018297293,-0.049960053,-0.02906133,0.073232784,-0.02836094,-0.068982274
176,OVCAR-4,PTX,-0.031568374,0.036067544,0.044862065,-0.019637028,0.02651919,-0.047688136,0.110539451,-0.059768301,-0.028304333,0.022264987,-0.089919682,-0.050091954,0.079055002,0.076745206,-0.041182083,0.004505362,-0.016712924,-0.001367084,-0.040602856,-0.013082186,0.037283462,-0.028861599,-0.087050346
177,OVCAR-4,PTX,-0.031465804,0.018697606,0.045535623,-0.022325497,0.026222202,-0.048325314,0.111430586,-0.055823968,-0.026036149,0.020856553,-0.084503888,-0.049301127,0.078028059,0.092142094,-0.03976074,-0.001540882,-0.018337531,0.019695345,-0.03857967,-0.041028227,0.03269247,-0.030230732,-0.075626844
178,OVSAHO,PTX,0.011669227,0.07494939,-0.016168863,-0.015800616,-0.009418477,0.014820976,0.006131227,-0.07755852,-0.015117602,-0.038188329,0.058226466,-0.014340595,0.026944987,0.145510703,0.005572837,-0.032571301,-0.019719839,0.024129886,-0.018638268,0.096579843,-0.007692026,-0.027098446,0.0336088
179,OVSAHO,PTX,0.009665957,0.071731373,-0.013482585,-0.014471224,-0.010594245,0.007879747,0.00836521,-0.078232032,-0.016829272,-0.043952134,0.062451737,-0.017078919,0.025855701,0.152739014,-0.006850911,-0.038341296,-0.017090351,0.018831968,-0.009420122,0.092738241,0.008608674,-0.042544804,0.063590496
180,OVSAHO,PTX,0.012928827,0.049048308,-0.015728604,-0.01708452,-0.00983984,0.014278478,0.005027637,-0.077413639,-0.018528085,-0.042066968,0.062314839,-0.013802214,0.025843439,0.154092426,0.001756439,-0.03587403,-0.017998439,0.042791035,-0.021341741,0.096543338,0.002336469,-0.041436445,0.061569771
181,EFO-21,PTX,-0.036916211,-0.031633127,0.042971577,-0.010241426,0.030322933,0.001736624,-0.009001871,-0.016021553,-0.034959788,0.031986368,-0.020687466,-0.052949092,0.060243377,0.026819795,-0.033373656,-0.00892106,-0.038221464,0.019425323,-0.006131576,-0.049557189,-0.025863157,0.031045904,-0.020752662
182,EFO-21,PTX,-0.036855348,-0.064492483,0.041752729,-0.009841738,0.030755848,0.004946248,-0.012168226,-0.011315126,-0.033295171,0.0334938,-0.018003849,-0.049559792,0.058960456,0.020448676,-0.020580856,-0.019566904,-0.030721613,0.030574535,-0.008471035,-0.069451925,-0.004751679,0.004276026,-0.052577122
183,EFO-21,PTX,-0.03725306,-0.014123645,0.042597704,-0.010826461,0.031044124,-0.000328517,-0.009406942,-0.016447267,-0.032906805,0.032967549,-0.022568515,-0.053918754,0.060346256,0.021841782,-0.037771351,-0.005840118,-0.032523318,0.024014197,0.001023493,-0.059823013,-0.001868358,-0.010263464,-0.021005395
184,COV434,PTX,0.05032582,0.171906169,-0.091490752,0.006677105,-0.001383316,0.027319384,-0.075163182,-0.06013354,0.054295343,-0.034759215,0.07795721,0.076002105,-0.093551639,-0.002045214,0.09843448,-0.030507402,-0.022319547,0.157685941,-0.004032917,0.143273453,0.052570698,-0.03424029,0.047919052
185,COV434,PTX,0.046466076,0.139347469,-0.090535485,0.006616107,0.001309657,0.026770179,-0.078431371,-0.063323013,0.054701658,-0.039974516,0.076291854,0.079648294,-0.091117473,-0.016890343,0.092293031,-0.030840009,-0.027772898,0.122829525,-0.006706871,0.133933216,0.005941558,-0.097806832,0.045015444
186,COV434,PTX,0.04883146,0.14816736,-0.090804326,0.001626837,-0.001304647,0.024806162,-0.076283968,-0.06886346,0.062176389,-0.034831569,0.0775397,0.077018827,-0.09109149,-0.008859883,0.09358109,-0.015020319,-0.028443226,0.137763043,-0.01327445,0.120682355,0.026375625,-0.042035009,0.076937343
187,CaOv3,PTX,-0.039343881,0.010361312,0.038575596,-0.00903577,0.018902203,-0.030683281,0.12429519,-0.016530015,-0.019002976,-0.050112908,-0.128593,-0.03289956,0.026429584,-0.010741554,-0.041256691,0.097954408,0.29317681,0.01267682,-0.060642776,-0.012628881,-0.036575439,-0.029789437,-0.044270716
188,CaOv3,PTX,-0.037715065,0.032497801,0.037560253,-0.00386633,0.017870978,-0.036101852,0.12533902,-0.02097473,-0.015743908,-0.050690941,-0.133004355,-0.03240049,0.026489801,-0.009649905,-0.041487218,0.098694872,0.29254726,0.014035382,-0.048168073,-0.009498652,0.006442855,-0.060099206,-0.040289677
189,CaOv3,PTX,-0.036943617,-0.028205512,0.037640794,-0.012190742,0.017995072,-0.029457669,0.123928236,-0.015208918,-0.019022544,-0.052695732,-0.125612074,-0.034858067,0.02580039,-0.015259927,-0.03141453,0.102833236,0.302884294,0.031733946,-0.046030339,-0.057878003,0.002297334,-0.044304177,-0.053209771
